insert into climate_zone (climate_zone_id, climate_zone_name)
values
(1, 'Степ'),
(2, 'Лісостеп'),
(3, 'Полісся'),
(4, 'Гори');

insert into crop (crop_id, crop_name)
values
(1, 'Злаки'),
(2, 'Бобові'),
(3, 'Круп''яні'),
(4, 'Олійні та прядивні'),
(5, 'Буряк'),
(6, 'Картопля'),
(7, 'Кормові'),
(8, 'Овочеві'),
(9, 'Плодові та ягідні'),
(10, 'Виноград'),
(11, 'Декоративні та лікарські'),
(12, 'Лісові'),
(13, 'Сільськогосподарські інші'),
(14, 'Інші');

insert into unit (unit_id, unit_name, unit_short_name)
values
(1, 'Центнерів з гектару', 'ц/га'),
(2, 'Тонн з гектару', 'т/га'),
(3, 'Тонна', 'т'),
(4, 'Центнер', 'ц'),
(5, 'Кілограм', 'кг'),
(6, 'Грам', 'г'),
(7, 'Міліграм', 'мг'),
(8, 'Мікрограм', 'мкг'),
(9, 'Доба', 'д'),
(10, 'Відсоток', '%'),
(11, 'Балл', 'б'),
(12, 'Метр', 'м'),
(13, 'Дециметр', 'дм'),
(14, 'Сантиметр', 'см'),
(15, 'Міліметр', 'мм'),
(16, 'Фут', ''''),
(17, 'Фунт', '℔'),
(18, 'Кількість', '');

insert into parameter (parameter_id, parameter_name, unit_id)
values
(1, 'Урожайність', 1),
(2, 'Вегетаційний період', 9),
(3, 'Висота рослини', 14),
(4, 'Маса 1000 зерен', 6),
(5, 'Стійкість до вилягання', 11),
(6, 'Стійкість до осипання', 11),
(7, 'Стійкість до посухи', 11),
(8, 'Стійкість до переноспорозу', 11),
(9, 'Стійкість до аскохітозу (бобу, зерна)', 11),
(10, 'Стійкість до бактеріальної плямистості', 11),
(11, 'Стійкість до гречкової блішки', 11),
(12, 'Стійкість до іржі', 11),
(13, 'Стійкість до фомозу', 11),
(14, 'Стійкість проти сірої гнилі ', 11),
(15, 'Стійкість проти білої гнилі ', 11),
(16, 'Стійкість до ', 11),
(17, 'Стійкість до ', 11),
(18, 'Стійкість до борошнистої роси', 11),
(19, 'Стійкість до снігової плісняви', 11),
(20, 'Вміст білка', 10),
(21, 'Число падіння', 18),
(22, 'Придатність до механічного збирання', 11),
(23, 'Висота прикріплення нижнього качана', 14),
(24, 'Вихід зерна', 10),
(25, 'Вміст крохмалю', 10),
(26, 'Днів до достигання', 9),
(27, 'Збиральна вологість зерна', 10),
(28, 'Плівчатість', 10),
(29, 'Крупність ядра', 10),
(30, 'Вихід крупи', 10),
(31, 'Довжина плоду', 15),
(32, 'Вирівняність', 10),
(33, 'Максимальни ширина плоду', 15),
(34, 'Лушпинність', 10),
(35, 'Вміст олії', 10),
(36, 'Вміст олеїнової кислоти', 10),
(37, 'Маса корнеплодів', 6),
(38, 'Урожай корнеплодів', 1),
(39, 'Вміст сухої речовини', 10),
(40, 'Ураженість корнеїдом', 11),
(41, 'Стійкість до церкоспорозу', 11),
(42, 'Ступінь заглиблення в грунт', 11);

insert into plant (plant_id, plant_name, plant_description, crop_id)
values
(1, 'Жито посівне (яре)', '', 1),
(2, 'Кукурудза звичайна', '', 1),
(3, 'Пшениця тверда (дворучка)', '', 1),
(4, 'Гречка їстівна', '', 3),
(5, 'Рис посівний', '', 3),
(6, 'Коноплі посівні', '', 4),
(7, 'Мак снотворний', '', 4),
(8, 'Соняшник однорічний', '', 4),
(9, 'Буряк кормовий', '', 5),
(10, 'Буряк цукровий', '', 5),
(11, 'Картопля', '', 6),
(12, 'Бруква', '', 7),
(13, 'Буркун білий', '', 7),
(14, 'Артишок посівний', '', 8),
(15, 'Буряк столовий', '', 8),
(16, 'Абрикос звичайний', '', 9),
(17, 'Агрус звичайний', '', 9),
(18, 'Виноград справжній', '', 10),
(19, 'Азалія Сімса', '', 11),
(20, 'Азиміна трилопатева', '', 11),
(21, 'Верба тритичинкова', '', 12),
(22, 'Дуб австрійський', '', 12),
(23, 'Аніс звичайний', '', 13),
(24, 'Васильки справжні', '', 13),
(25, 'Шавлія мускатна', '', 13),
(26, 'Верба біла', '', 14),
(27, 'Верба прутовидна', '', 14);


--        (1, 'Вітекс священний', '', 1),
--        (2, 'Жито посівне (озиме)', '', 1),
--        (3, 'Жито посівне (яре)', '', 1),
--        (4, 'Кукурудза восковидна', '', 1),
--        (5, 'Кукурудза звичайна', '', 1),
--        (6, 'Овес голозерний', '', 1),
--        (7, 'Овес посівний (озимий)', '', 1),
--        (8, 'Овес посівний (ярий)', '', 1),
--        (9, 'Пшениця м''яка (дворучка)', '', 1),
--        (10, 'Пшениця м''яка (озима)', '', 1),
--        (11, 'Пшениця м''яка (яра)', '', 1),
--        (12, 'Пшениця полба звичайна', '', 1),
--        (13, 'Пшениця спельта (озима)', '', 1),
--        (14, 'Пшениця тверда (дворучка)', '', 1),
--        (15, 'Пшениця тверда (озима)', '', 1),
--        (16, 'Пшениця тверда (яра)', '', 1),
--        (17, 'Тритикале (озиме)', '', 1),
--        (18, 'Тритикале (яре)', '', 1),
--        (19, 'Ячмінь звичайний (дворучка)', '', 1),
--        (20, 'Ячмінь звичайний (озимий)', '', 1),
--        (21, 'Горох посівний (зерновий)', '', 2),
--        (22, 'Горох посівний (озимий)', '', 2),
--        (23, 'Квасоля звичайна (зернова)', '', 2),
--        (24, 'Нут звивистий', '', 2),
--        (25, 'Нут звичайний', '', 2),
--        (26, 'Сочевиця харчова', '', 2),
--        (27, 'Соя культурна', '', 2),
--        (28, 'Чина посівна', '', 2),
--        (29, 'Гречка їстівна', '', 3),
--        (30, 'Гречка татарська', '', 3),
--        (31, 'Могар', '', 3),
--        (32, 'Просо посівне', '', 3),
--        (33, 'Рис посівний', '', 3),
--        (34, 'Сорго звичайне (двокольорове)', '', 3),
--        (35, 'Сориз', '', 3),
--        (36, 'Арахіс підземний', '', 4),
--        (37, 'Бавовник звичайний', '', 4),
--        (38, 'Гірчиця біла', '', 4),
--        (39, 'Гірчиця сарептська (озима)', '', 4),
--        (40, 'Гірчиця сарептська (яра)', '', 4),
--        (41, 'Гірчиця чорна', '', 4),
--        (42, 'Коноплі посівні', '', 4),
--        (43, 'Кунжут індійський', '', 4),
--        (44, 'Льон звичайний, довгунець', '', 4),
--        (45, 'Льон низький (олійний, кудряш)', '', 4),
--        (46, 'Мак снотворний', '', 4),
--        (47, 'Ріпак (озимий)', '', 4),
--        (48, 'Ріпак (ярий)', '', 4),
--        (49, 'Рижій посівний (озимий)', '', 4),
--        (50, 'Рижій посівний (ярий)', '', 4),
--        (51, 'Рицина звичайна', '', 4),
--        (52, 'Смикавець їстівний (чуфа)', '', 4),
--        (53, 'Соняшник однорічний', '', 4),
--        (54, 'Суріпиця звичайна (озима)', '', 4),
--        (55, 'Суріпиця звичайна (яра)', '', 4),
--        (56, 'Буряк кормовий', '', 5),
--        (57, 'Буряк цукровий', '', 5),
--        (58, 'Картопля', '', 6),
--        (59, 'Боби кінські', '', 7),
--        (60, 'Бруква', '', 7),
--        (61, 'Буркун білий', '', 7),
--        (62, 'Буркун лікарський', '', 7),
--        (63, 'Вітекс коноплевидний', '', 7),
--        (64, 'Горох польовий (пелюшка)', '', 7),
--        (65, 'Горошок волохатий', '', 7),
--        (66, 'Горошок паннонський', '', 7),
--        (67, 'Горошок посівний (ярий)', '', 7),
--        (68, 'Грястиця збірна', '', 7),
--        (69, 'Елевсина коракан', '', 7),
--        (70, 'Еспарцет виколистий', '', 7),
--        (71, 'Еспарцет закавказький', '', 7),
--        (72, 'Живокіст шорсткий', '', 7),
--        (73, 'Житняк', '', 7),
--        (74, 'Житняк гребінчастий', '', 7),
--        (75, 'Кавун кормовий', '', 7),
--        (76, 'Козлятник лікарський', '', 7),
--        (77, 'Козлятник східний', '', 7),
--        (78, 'Конюшина біла (повзуча)', '', 7),
--        (79, 'Конюшина гібридна', '', 7),
--        (80, 'Конюшина лучна (червона)', '', 7),
--        (81, 'Конюшина олександрійська', '', 7),
--        (82, 'Кострице-райграсовий гібрид', '', 7),
--        (83, 'Костриця лучна', '', 7),
--        (84, 'Костриця овеча', '', 7),
--        (85, 'Костриця очеретяна', '', 7),
--        (86, 'Костриця червона', '', 7),
--        (87, 'Костриця червона мінлива', '', 7),
--        (88, 'Кропива', '', 7),
--        (89, 'Люпин білий', '', 7),
--        (90, 'Люпин вузьколистий', '', 7),
--        (91, 'Люпин жовтий', '', 7),
--        (92, 'Люцерна мінлива', '', 7),
--        (93, 'Люцерна посівна', '', 7),
--        (94, 'Лядвенець рогатий', '', 7),
--        (95, 'Міскантус гігантський', '', 7),
--        (96, 'Міскантус китайський', '', 7),
--        (97, 'Міскантус цукроквітковий', '', 7),
--        (98, 'Мітлиця біла', '', 7),
--        (99, 'Мітлиця пагононосна', '', 7),
--        (100, 'Мітлиця тонка', '', 7),
--        (101, 'Могар-чумизовий гібрид', '', 7),
--        (102, 'Овес щетинистий', '', 7),
--        (103, 'Пажитниця багатоквіткова', '', 7),
--        (104, 'Пажитниця багаторічна', '', 7),
--        (105, 'Пажитниця вестервольдська', '', 7),
--        (106, 'Пирій видовжений', '', 7),
--        (107, 'Пирій середній', '', 7),
--        (108, 'Просо прутоподібне', '', 7),
--        (109, 'Регнерія шорсткостеблова (пирій безкореневищний)', '', 7),
--        (110, 'Сіда багаторічна', '', 7),
--        (111, 'Свербига східна', '', 7),
--        (112, 'Серадела посівна', '', 7),
--        (113, 'Сильфій пронизанолистий', '', 7),
--        (114, 'Сильфій суцільнолистий', '', 7),
--        (115, 'Сорго багаторічне (трава Колумба)', '', 7),
--        (116, 'Сорго віникове', '', 7),
--        (117, 'Сорго суданське', '', 7),
--        (118, 'Сорго цукрове', '', 7),
--        (119, 'Сорго-суданковий гібрид', '', 7),
--        (120, 'Стоколос безостий', '', 7),
--        (121, 'Стоколос прибережний', '', 7),
--        (122, 'Тефф', '', 7),
--        (123, 'Тимофіївка лучна', '', 7),
--        (124, 'Тифон', '', 7),
--        (125, 'Тонконіг лучний', '', 7),
--        (126, 'Топінамбур', '', 7),
--        (127, 'Турнепс', '', 7),
--        (128, 'Фацелія пижмолиста', '', 7),
--        (129, 'Щавнат', '', 7),
--        (130, 'Щириця', '', 7),
--        (131, 'Індау посівний', '', 8),
--        (132, 'Артишок посівний', '', 8),
--        (133, 'Баклажан', '', 8),
--        (134, 'Бамія (гібіск їстівний, окра)', '', 8),
--        (135, 'Боби кормові', '', 8),
--        (136, 'Буряк столовий', '', 8),
--        (137, 'Гірчиця салатна', '', 8),
--        (138, 'Гарбуз великоплідний', '', 8),
--        (139, 'Гарбуз звичайний', '', 8),
--        (140, 'Гарбуз мускатний', '', 8),
--        (141, 'Глива легенева', '', 8),
--        (142, 'Горох посівний (овочевий)', '', 8),
--        (143, 'Дайкон', '', 8),
--        (144, 'Дворядник тонколистий', '', 8),
--        (145, 'Диня звичайна', '', 8),
--        (146, 'Кабачок', '', 8),
--        (147, 'Кавун звичайний', '', 8),
--        (148, 'Капуста білоголова', '', 8),
--        (149, 'Капуста броколі', '', 8),
--        (150, 'Капуста брюссельська', '', 8),
--        (151, 'Капуста китайська', '', 8),
--        (152, 'Капуста кольрабі', '', 8),
--        (153, 'Капуста листкова (декоративна)', '', 8),
--        (154, 'Капуста пекінська', '', 8),
--        (155, 'Капуста савойська', '', 8),
--        (156, 'Капуста цвітна', '', 8),
--        (157, 'Капуста червоноголова', '', 8),
--        (158, 'Квасоля звичайна (овочева)', '', 8),
--        (159, 'Квасоля золотиста', '', 8),
--        (160, 'Квасоля кутаста', '', 8),
--        (161, 'Квасоля лімська', '', 8),
--        (162, 'Крес-салат', '', 8),
--        (163, 'Кукурудза розлусна', '', 8),
--        (164, 'Кукурудза цукрова', '', 8),
--        (165, 'Мангольд (буряк листковий)', '', 8),
--        (166, 'Мласкавець колосковий (овочевий)', '', 8),
--        (167, 'Монарда двійчаста', '', 8),
--        (168, 'Морква', '', 8),
--        (169, 'Огірок посівний', '', 8),
--        (170, 'Огірочник лікарський', '', 8),
--        (171, 'Підщепи помідора', '', 8),
--        (172, 'Пастернак', '', 8),
--        (173, 'Патисон', '', 8),
--        (174, 'Перець однорічний (гіркий)', '', 8),
--        (175, 'Перець однорічний (солодкий)', '', 8),
--        (176, 'Петрушка городня', '', 8),
--        (177, 'Помідор їстівний', '', 8),
--        (178, 'Портулак городній', '', 8),
--        (179, 'Ріпа', '', 8),
--        (180, 'Ревінь чорноморський', '', 8),
--        (181, 'Редька олійна', '', 8),
--        (182, 'Редька посівна', '', 8),
--        (183, 'Редька посівна (редиска)', '', 8),
--        (184, 'Редька чорна', '', 8),
--        (185, 'Салат посівний головчастий', '', 8),
--        (186, 'Салат посівний листковий', '', 8),
--        (187, 'Салат посівний ромен', '', 8),
--        (188, 'Салат посівний стебловий', '', 8),
--        (189, 'Селера коренеплідна', '', 8),
--        (190, 'Селера листкова', '', 8),
--        (191, 'Селера черешкова', '', 8),
--        (192, 'Тиква звичайна (горлянка)', '', 8),
--        (193, 'Фізаліс клейкоплодий', '', 8),
--        (194, 'Фізаліс опушений (суничний)', '', 8),
--        (195, 'Холодок лікарський (спаржа)', '', 8),
--        (196, 'Хрін звичайний', '', 8),
--        (197, 'Цибуля багатоярусна', '', 8),
--        (198, 'Цибуля батун', '', 8),
--        (199, 'Цибуля галузиста', '', 8),
--        (200, 'Цибуля городня', '', 8),
--        (201, 'Цибуля запашна', '', 8),
--        (202, 'Цибуля порей', '', 8),
--        (203, 'Цибуля шалот', '', 8),
--        (204, 'Цибуля шніт', '', 8),
--        (205, 'Цикорій головчастий', '', 8),
--        (206, 'Цикорій кореневий (промисловий)', '', 8),
--        (207, 'Цикорій листковий', '', 8),
--        (208, 'Цикорій салатний (ендивій)', '', 8),
--        (209, 'Часник', '', 8),
--        (210, 'Шпинат городній', '', 8),
--        (211, 'Щавель кислий', '', 8),
--        (212, 'Абрикос звичайний', '', 9),
--        (213, 'Агрус звичайний', '', 9),
--        (214, 'Айва (підщепа)', '', 9),
--        (215, 'Айва довгаста', '', 9),
--        (216, 'Айва довгаста х яблуня домашня', '', 9),
--        (217, 'Актинідія', '', 9),
--        (218, 'Актинідія китайська', '', 9),
--        (219, 'Актинідія пурпурова х актинідія гостра', '', 9),
--        (220, 'Алича (слива розлога, вишнеслива)', '', 9),
--        (221, 'Апельсин', '', 9),
--        (222, 'Бузина чорна', '', 9),
--        (223, 'Верба (батьківська лінія)', '', 9),
--        (224, 'Вишнево-черешневий гібрид', '', 9),
--        (225, 'Вишня звичайна', '', 9),
--        (226, 'Вишня степова х вишня ланезіана (підщепи)', '', 9),
--        (227, 'Глід', '', 9),
--        (228, 'Горіх грецький', '', 9),
--        (229, 'Горобина звичайна', '', 9),
--        (230, 'Гранатник звичайний', '', 9),
--        (231, 'Грейпфрут', '', 9),
--        (232, 'Груша звичайна', '', 9),
--        (233, 'Дерен справжній (кизил)', '', 9),
--        (234, 'Жимолость голуба', '', 9),
--        (235, 'Журавлина болотна', '', 9),
--        (236, 'Калина звичайна', '', 9),
--        (237, 'Ліщина велика (фундук)', '', 9),
--        (238, 'Лимон', '', 9),
--        (239, 'Лимонник китайський', '', 9),
--        (240, 'Лохина високоросла', '', 9),
--        (241, 'Малина', '', 9),
--        (242, 'Мандарин', '', 9),
--        (243, 'Мигдаль звичайний', '', 9),
--        (244, 'Мигдаль звичайний х персик звичайний', '', 9),
--        (245, 'Нектарин', '', 9),
--        (246, 'Обліпиха крушиновидна', '', 9),
--        (247, 'Ожина', '', 9),
--        (248, 'Ожина звичайна', '', 9),
--        (249, 'Підщепи яблуні', '', 9),
--        (250, 'Персик звичайний', '', 9),
--        (251, 'Порічки', '', 9),
--        (252, 'Слива домашня', '', 9),
--        (253, 'Смоковниця звичайна', '', 9),
--        (254, 'Смородина чорна', '', 9),
--        (255, 'Суниця садова', '', 9),
--        (256, 'Унабі справжній (зізіфус)', '', 9),
--        (257, 'Фейхоа Селлова', '', 9),
--        (258, 'Хеномелес японська', '', 9),
--        (259, 'Хурма', '', 9),
--        (260, 'Хурма східна', '', 9),
--        (261, 'Черешня', '', 9),
--        (262, 'Чорниця', '', 9),
--        (263, 'Чорниця канадська', '', 9),
--        (264, 'Шипшина', '', 9),
--        (265, 'Яблуня домашня', '', 9),
--        (266, 'Виноград справжній', '', 10),
--        (267, 'Азалія Сімса', '', 11),
--        (268, 'Азиміна трилопатева', '', 11),
--        (269, 'Айстра', '', 11),
--        (270, 'Алое деревоподібне', '', 11),
--        (271, 'Альбіція ленкоранська', '', 11),
--        (272, 'Амі зубна', '', 11),
--        (273, 'Анемона', '', 11),
--        (274, 'Астильба', '', 11),
--        (275, 'Астрагал шерстистоквітковий', '', 11),
--        (276, 'Барбарис', '', 11),
--        (277, 'Барбарис Юліана', '', 11),
--        (278, 'Беладона звичайна', '', 11),
--        (279, 'Береза повисла', '', 11),
--        (280, 'Бузок звичайний', '', 11),
--        (281, 'Валеріана лікарська', '', 11),
--        (282, 'Вейгела', '', 11),
--        (283, 'Гвоздика граціонополітанська (сиза)', '', 11),
--        (284, 'Гвоздика периста', '', 11),
--        (285, 'Гейхера', '', 11),
--        (286, 'Гербера', '', 11),
--        (287, 'Гладіолус', '', 11),
--        (288, 'Головатень круглоголовий', '', 11),
--        (289, 'Деревій майже звичайний', '', 11),
--        (290, 'Дзвоники', '', 11),
--        (291, 'Дурман звичайний', '', 11),
--        (292, 'Ехінацея бліда', '', 11),
--        (293, 'Ехінацея пурпурова', '', 11),
--        (294, 'Жовтушник розлогий', '', 11),
--        (295, 'Жоржина', '', 11),
--        (296, 'Золотушник', '', 11),
--        (297, 'Кактус', '', 11),
--        (298, 'Калістефус китайський', '', 11),
--        (299, 'Канна індійська', '', 11),
--        (300, 'Каріоптеріс сивий', '', 11),
--        (301, 'Космос (Космея)', '', 11),
--        (302, 'Котяча м’ята сибірська', '', 11),
--        (303, 'Ксифіум', '', 11),
--        (304, 'Лілійник', '', 11),
--        (305, 'Лілійник гібридний', '', 11),
--        (306, 'Лілія', '', 11),
--        (307, 'Ломиніс', '', 11),
--        (308, 'Льон великоквітковий', '', 11),
--        (309, 'Любисток лікарський', '', 11),
--        (310, 'Магнолія', '', 11),
--        (311, 'Мак східний', '', 11),
--        (312, 'Мандевіла', '', 11),
--        (313, 'Маруна цинерарієлиста', '', 11),
--        (314, 'Мачок жовтий', '', 11),
--        (315, 'М’ята канадська', '', 11),
--        (316, 'М’ята японська', '', 11),
--        (317, 'Нагідки лікарські', '', 11),
--        (318, 'Наперстянка пурпурова', '', 11),
--        (319, 'Наперстянка шерстиста', '', 11),
--        (320, 'Нарцис', '', 11),
--        (321, 'Орхідея', '', 11),
--        (322, 'Півники', '', 11),
--        (323, 'Півонія', '', 11),
--        (324, 'Паслін часточковий', '', 11),
--        (325, 'Первоцвіт весняний', '', 11),
--        (326, 'Персик декоративний', '', 11),
--        (327, 'Петунія', '', 11),
--        (328, 'Подорожник великий', '', 11),
--        (329, 'Полин кримський', '', 11),
--        (330, 'Ревінь тангутський', '', 11),
--        (331, 'Рицина звичайна (декоративна)', '', 11),
--        (332, 'Розторопша плямиста', '', 11),
--        (333, 'Самшит вічнозелений', '', 11),
--        (334, 'Собача кропива п’ятилопатева', '', 11),
--        (335, 'Соняшник декоративний', '', 11),
--        (336, 'Стевія', '', 11),
--        (337, 'Троянда', '', 11),
--        (338, 'Тюльпан', '', 11),
--        (339, 'Фіалка триколірна', '', 11),
--        (340, 'Флокс волотистий', '', 11),
--        (341, 'Фрезія', '', 11),
--        (342, 'Хамоміла обідрана', '', 11),
--        (343, 'Хеномелес каліфорнійський', '', 11),
--        (344, 'Хризантема', '', 11),
--        (345, 'Хризантема індійська', '', 11),
--        (346, 'Хризантема садова', '', 11),
--        (347, 'Хризантема шовковицелиста', '', 11),
--        (348, 'Цикламен перський', '', 11),
--        (349, 'Чебрець повзучий', '', 11),
--        (350, 'Череда трироздільна', '', 11),
--        (351, 'Чорнобривці', '', 11),
--        (352, 'Шавлія відхилена', '', 11),
--        (353, 'Шавлія кільчаста', '', 11),
--        (354, 'Шавлія лікарська', '', 11),
--        (355, 'Шандра звичайна', '', 11),
--        (356, 'Щириця хвостата', '', 11),
--        (357, 'Щучник дернистий', '', 11),
--        (358, 'Верба тритичинкова', '', 12),
--        (359, 'Дуб австрійський', '', 12),
--        (360, 'Дуб звичайний', '', 12),
--        (361, 'Дуб північний', '', 12),
--        (362, 'Каштан справжній', '', 12),
--        (363, 'Кедр ліванський', '', 12),
--        (364, 'Модрина', '', 12),
--        (365, 'Модрина європейська', '', 12),
--        (366, 'Псевдотсуга тисолиста (дугласія)', '', 12),
--        (367, 'Робінія звичайна', '', 12),
--        (368, 'Сосна італійська, пінія', '', 12),
--        (369, 'Сосна австрійська', '', 12),
--        (370, 'Сосна Веймутова', '', 12),
--        (371, 'Сосна звичайна', '', 12),
--        (372, 'Сосна Палласова, кримська', '', 12),
--        (373, 'Тополя', '', 12),
--        (374, 'Ялина', '', 12),
--        (375, 'Ялиця', '', 12),
--        (376, 'Ялиця бальзамічна', '', 12),
--        (377, 'Яловець', '', 12),
--        (378, 'Аніс звичайний', '', 13),
--        (379, 'Васильки справжні', '', 13),
--        (380, 'Гісоп лікарський', '', 13),
--        (381, 'Гуньба сінна (пажитник гр', '', 13),
--        (382, 'Змієголовник молдавський', '', 13),
--        (383, 'Катран', '', 13),
--        (384, 'Кмин звичайний', '', 13),
--        (385, 'Коріандр посівний (кінза)', '', 13),
--        (386, 'Котяча м''ята лимонна', '', 13),
--        (387, 'Котяча м''ята Мусіна', '', 13),
--        (388, 'Кріп пахучий', '', 13),
--        (389, 'Лаванда вузьколиста', '', 13),
--        (390, 'Лавандин', '', 13),
--        (391, 'Лавсонія неколюча', '', 13),
--        (392, 'Лаконос американський', '', 13),
--        (393, 'М''ята', '', 13),
--        (394, 'М''ята довголиста', '', 13),
--        (395, 'М''ята перцева', '', 13),
--        (396, 'Материнка звичайна', '', 13),
--        (397, 'Махорка', '', 13),
--        (398, 'Молочай чиновий', '', 13),
--        (399, 'Монарда трубчаста', '', 13),
--        (400, 'Полин естрагон', '', 13),
--        (401, 'Полин лимонний', '', 13),
--        (402, 'Рожа рожева', '', 13),
--        (403, 'Сафлор красильний', '', 13),
--        (404, 'Троянда дамаська', '', 13),
--        (405, 'Тютюн справжній', '', 13),
--        (406, 'Фенхель звичайний', '', 13),
--        (407, 'Хміль звичайний', '', 13),
--        (408, 'Хризантема увінчана', '', 13),
--        (409, 'Шавлія мускатна', '', 13),
--        (410, 'Верба біла', '', 14),
--        (411, 'Верба прутовидна', '', 14),
--        (412, 'Глива звичайна', '', 14),
--        (413, 'Горіх чорний', '', 14),
--        (414, 'Лопух справжній', '', 14),
--        (415, 'Павловнія', '', 14),
--        (416, 'Печериця двоспорова', '', 14),
--        (417, 'Шіїтаке', '', 14),
--        (418, 'Шовковиця', '', 14);
